,name,album,track_number
257,Bitch - 2009 Mix,Honk (Deluxe),25
1155,Bitch - 2009 Mix,Sticky Fingers (Super Deluxe),6
1125,Bitch - 2009 Mix,Sticky Fingers (Remastered),6
1135,Bitch - 2009 Mix,Sticky Fingers (Deluxe),6
862,Start Me Up - Remastered 2009,Tattoo You (2009 Re-Mastered),1
1498,Oh Baby (We Got A Good Thing Goin') - Remastered 2002,Out Of Our Heads (UK Sequence),9
234,Start Me Up,Honk (Deluxe),2
1609,Walking The Dog,The Rolling Stones,12
698,Not Fade Away - Live / Remastered 2009,Stripped,3
1510,Oh Baby (We Got A Good Thing Goin') - Remastered 2002,Out Of Our Heads (UK),9
712,"Not Fade Away - Live In Lisbon, Portugal / 1995",Stripped,3
1581,Carol,England’s Newest Hitmakers,8
851,Start Me Up - Remastered,Tattoo You,1
1585,Walking The Dog,England’s Newest Hitmakers,12
264,Happy,Honk (Deluxe),32
1549,Susie Q,The Rolling Stones No. 2,12
1561,Susie Q,12 x 5,12
1597,Walking The Dog,England's Newest Hit Makers,12
1593,Carol,England's Newest Hit Makers,8
1605,Carol,The Rolling Stones,8
1573,Susie Q,12 X 5,12
833,Feel On Baby - Remastered,Undercover (2009 Re-Mastered),5
1523,Oh Baby (We Got A Good Thing Goin') - Remastered 2002,Now!,10
1066,Happy,Exile On Main Street (Bonus Track Version),10
1535,Oh Baby (We Got A Good Thing Goin') - Remastered 2002,"The Rolling Stones, Now!",10
1095,Happy,Exile On Main Street (Deluxe Version),10
1048,Happy,Exile On Main Street (2010 Re-Mastered),10
236,Brown Sugar - 2009 Remaster,Honk (Deluxe),4
169,Dancing With Mr D,Goats Head Soup (Deluxe),8
1200,Little Queenie - Live,Get Yer Ya-Ya's Out! (Remastered),8
1479,Hitch Hike - Remastered 2002,Out Of Our Heads (US Sequence),2
1210,Little Queenie - Live,Get Yer Ya-Ya's Out! The Rolling Stones In Concert (40th Anniversary Edition),8
823,Feel On Baby,Undercover,5
1492,Hitch Hike - Remastered 2002,Out Of Our Heads (UK Sequence),3
1150,Brown Sugar - 2009 Remaster,Sticky Fingers (Super Deluxe),1
1120,Brown Sugar - 2009 Remaster,Sticky Fingers (Remastered),1
1130,Brown Sugar - 2009 Remaster,Sticky Fingers (Deluxe),1
993,Cherry Oh Baby,Black And Blue,3
985,Cherry Oh Baby - Remastered,Black And Blue (Remastered 2009),3
1504,Hitch Hike - Remastered 2002,Out Of Our Heads (UK),3
1184,Carol - Live,Get Yer Ya Yas Out,2
1190,Little Queenie - Live,Get Yer Ya Yas Out,8
401,Beautiful Delilah - Saturday Club / 1964,On Air (Deluxe),28
1009,If You Can't Rock Me,It's Only Rock 'N' Roll,1
1552,Empty Heart,12 x 5,3
1467,Hitch Hike - Remastered 2002,Out Of Our Heads,2
958,Crackin' Up - Live,Love You Live (Remastered),2
403,I Can't Be Satisfied - Top Gear / 1964,On Air (Deluxe),30
1578,Now I've Got A Witness,England’s Newest Hitmakers,5
1575,Route 66,England’s Newest Hitmakers,2
1587,Route 66,England's Newest Hit Makers,2
1598,Route 66,The Rolling Stones,1
1251,Live With Me,Let It Bleed,4
976,Crackin' Up - Live / Remastered 2009,Love You Live (Remastered 2009),2
1564,Empty Heart,12 X 5,3
1602,Now I've Got A Witness,The Rolling Stones,5
852,Hang Fire,Tattoo You,2
937,Do You Think I Really Care,Some Girls (Deluxe Version),3
915,Do You Think I Really Care,Some Girls (Deluxe Version),3
999,If You Can't Rock Me - Remastered,It's Only Rock 'N' Roll (2009 Re-Mastered),1
1590,Now I've Got A Witness,England's Newest Hit Makers,5
381,"Memphis, Tennessee - Saturday Club / 1963",On Air (Deluxe),8
363,"Memphis, Tennessee - Saturday Club / 1963",On Air,8
368,Oh! Baby (We Got A Good Thing Goin’) - Saturday Club / 1965,On Air,13
386,Oh! Baby (We Got A Good Thing Goin’) - Saturday Club / 1965,On Air (Deluxe),13
44,Luxury - Live At The El Mocambo 1977,Live At The El Mocambo,22
393,Carol - Saturday Club / 1964,On Air (Deluxe),20
389,Fannie Mae - Saturday Club / 1965,On Air (Deluxe),16
152,Dancing With Mr D - 2020,Goats Head Soup (Deluxe),1
371,Fannie Mae - Saturday Club / 1965,On Air,16
1242,Live With Me,Let It Bleed,4
787,Terrifying,Steel Wheels,3
1163,Bitch - Extended Version,Sticky Fingers (Super Deluxe),4
1143,Bitch - Extended Version,Sticky Fingers (Deluxe),4
1477,One More Try - Remastered 2002,Out Of Our Heads,12
1015,Dance Little Sister,It's Only Rock 'N' Roll,7
1489,One More Try - Remastered 2002,Out Of Our Heads (US Sequence),12
863,Hang Fire - Remastered,Tattoo You (2009 Re-Mastered),2
1520,Down The Road Apiece,Now!,7
1233,Live With Me - Remastered 2019,Let It Bleed (50th Anniversary Edition / Remastered 2019),4
92,Start Me Up - Remastered 2021,Tattoo You,1
46,Start Me Up - Remastered 2021,Tattoo You (Super Deluxe),1
1029,Dancing With Mr D,Goats Head Soup,1
1484,(I Can't Get No) Satisfaction - Mono Version,Out Of Our Heads (US Sequence),7
1128,Dead Flowers - 2009 Mix,Sticky Fingers (Remastered),9
1138,Dead Flowers - 2009 Mix,Sticky Fingers (Deluxe),9
1158,Dead Flowers - 2009 Mix,Sticky Fingers (Super Deluxe),9
1472,(I Can't Get No) Satisfaction - Mono Version,Out Of Our Heads,7
1525,"Surprise, Surprise",Now!,12
755,Sex Drive,Flashpoint,17
376,Roll Over Beethoven - Saturday Club / 1963,On Air (Deluxe),3
358,Roll Over Beethoven - Saturday Club / 1963,On Air,3
1010,Ain't Too Proud To Beg,It's Only Rock 'N' Roll,2
883,Dance (Pt. 1),Emotional Rescue,1
30,Crackin’ Up - Live At The El Mocambo 1977,Live At The El Mocambo,8
1544,Down The Road Apiece,The Rolling Stones No. 2,7
1532,Down The Road Apiece,"The Rolling Stones, Now!",7
792,Can't Be Seen,Steel Wheels,8
1537,"Surprise, Surprise","The Rolling Stones, Now!",12
47,Hang Fire - Remastered 2021,Tattoo You (Super Deluxe),2
